{
  "requests": [
    {
      "id": 1732656600000,
      "service": "Road Repair",
      "location": "MP Nagar, Zone 1, Bhopal",
      "description": "Large pothole on main road causing traffic issues. Multiple complaints received.",
      "priority": "urgent",
      "status": "submitted",
      "dateSubmitted": "2024-11-26T09:30:00",
      "phone": "+91 98765 43210",
      "coordinates": {
        "latitude": 23.2599,
        "longitude": 77.4126
      },
      "history": []
    },
    {
      "id": 1732652100000,
      "service": "Water Supply",
      "location": "Arera Colony, Bhopal",
      "description": "No water supply for past 24 hours. Pipe leak reported near main junction.",
      "priority": "high",
      "status": "assigned",
      "dateSubmitted": "2024-11-26T08:15:00",
      "phone": "+91 98765 43211",
      "coordinates": {
        "latitude": 23.2156,
        "longitude": 77.4304
      },
      "history": [
        {
          "status": "assigned",
          "notes": "Assigned to field worker",
          "timestamp": "2024-11-26T08:30:00"
        }
      ]
    },
    {
      "id": 1732593900000,
      "service": "Street Lighting",
      "location": "New Market Area, Bhopal",
      "description": "Multiple street lights not working. Dark area poses safety concerns.",
      "priority": "medium",
      "status": "in-progress",
      "dateSubmitted": "2024-11-25T16:45:00",
      "phone": "+91 98765 43212",
      "coordinates": {
        "latitude": 23.2494,
        "longitude": 77.4194
      },
      "history": [
        {
          "status": "assigned",
          "notes": "",
          "timestamp": "2024-11-25T17:00:00"
        },
        {
          "status": "in-progress",
          "notes": "Started repair work",
          "timestamp": "2024-11-25T17:30:00"
        }
      ]
    },
    {
      "id": 1732650000000,
      "service": "Waste Management",
      "location": "Kolar Road, Bhopal",
      "description": "Garbage not collected for 3 days. Overflowing bins causing hygiene issues.",
      "priority": "high",
      "status": "submitted",
      "dateSubmitted": "2024-11-26T07:00:00",
      "phone": "+91 98765 43213",
      "coordinates": {
        "latitude": 23.1896,
        "longitude": 77.4386
      },
      "history": []
    },
    {
      "id": 1732660800000,
      "service": "Electricity",
      "location": "Shahpura, Bhopal",
      "description": "Power outage affecting 50+ homes. Transformer issue suspected.",
      "priority": "urgent",
      "status": "assigned",
      "dateSubmitted": "2024-11-26T10:20:00",
      "phone": "+91 98765 43214",
      "coordinates": {
        "latitude": 23.2037,
        "longitude": 77.4538
      },
      "history": [
        {
          "status": "assigned",
          "notes": "Urgent - multiple households affected",
          "timestamp": "2024-11-26T10:25:00"
        }
      ]
    },
    {
      "id": 1732587300000,
      "service": "Road Repair",
      "location": "Bittan Market, Bhopal",
      "description": "Road surface damaged after recent rains. Needs immediate repair.",
      "priority": "medium",
      "status": "completed",
      "dateSubmitted": "2024-11-25T14:30:00",
      "phone": "+91 98765 43215",
      "coordinates": {
        "latitude": 23.2348,
        "longitude": 77.4237
      },
      "history": [
        {
          "status": "assigned",
          "notes": "",
          "timestamp": "2024-11-25T15:00:00"
        },
        {
          "status": "in-progress",
          "notes": "Started repair",
          "timestamp": "2024-11-25T15:30:00"
        },
        {
          "status": "completed",
          "notes": "Road repair completed successfully",
          "timestamp": "2024-11-25T18:00:00"
        }
      ]
    }
  ]
}
